M.fixed,ss_id,max_acc,min_iter,at,g0,perm,seed
3,9,1.0,1.0,0.2,0.0,False,40.0
5,25,1.0,2.0,0.2,0.0,False,40.0
7,49,1.0,2.0,0.2,0.0,False,40.0
10,100,1.0,2.0,0.1,0.001,False,40.0
15,225,1.0,2.0,0.0,0.01,False,40.0
22,484,1.0,2.0,0.1,0.0005,False,40.0
32,1024,1.0,2.2138671875,0.01,0.001,False,40.0
46,2116,1.0,2.6845703125,0.01,0.0,False,40.0
68,4624,1.0,2.939453125,0.01,0.001,False,40.0
100,10000,1.0,3.275390625,0.01,0.005,True,40.0
147,21609,1.0,7.2158203125,0.0,0.075,False,40.0
215,46225,1.0,8.71484375,0.0,0.1,False,40.0
316,99856,1.0,11.3759765625,0.0,0.1,False,40.0
464,215296,1.0,13.9658203125,0.0,0.1,False,40.0
681,463761,1.0,19.1796875,0.0,0.1,False,40.0
1000,1000000,1.0,22.4912109375,0.075,0.1,True,40.0
1468,2155024,1.0,30.400390625,0.0,0.1,True,40.0
2154,4639716,1.0,37.615234375,0.0,0.1,True,40.0
3162,9998244,1.0,48.23828125,0.0,0.1,True,40.0
4642,21548164,1.0,72.85546875,0.1,0.1,True,40.0
6813,46416969,1.0,93.5693359375,0.1,0.1,True,40.0
10000,100000000,1.0,135.6220703125,0.1,0.05,False,40.0
14678,215443684,1.0,193.52734375,0.1,0.05,True,40.0
21544,464143936,1.0,273.7265625,0.1,0.05,True,40.0
31623,1000014129,1.0,663.455078125,0.1,0.01,False,40.0
