M.fixed,ss_id,max_acc,min_iter,at,g0,perm,seed
2,8,1.0,1.0,0.1,0.0005,True,40.0
3,27,1.0,2.0,0.1,0.0005,True,40.0
3,64,1.0,2.0,0.05,0.05,True,40.0
4,125,1.0,2.0,0.05,0.0,True,40.0
5,216,1.0,2.0615234375,0.001,0.0,True,40.0
7,512,1.0,2.2529296875,0.001,0.0005,False,40.0
9,1000,0.9938151041666666,2.689453125,0.001,0.0,False,40.0
12,2197,0.9892578125,3.796875,0.001,0.01,False,40.0
16,4913,1.0,7.4287109375,0.01,0.1,True,40.0
21,10648,1.0,11.6875,0.01,0.1,True,40.0
27,21952,0.998046875,20.38671875,0.01,0.1,True,40.0
35,46656,0.9990234375,27.1376953125,0.01,0.05,True,40.0
45,97336,0.994140625,47.0517578125,0.01,0.05,True,40.0
59,216000,0.9895833333333334,80.9814453125,0.01,0.005,False,40.0
76,456533,0.9931640625,97.9951171875,0.05,0.1,False,40.0
99,1000000,0.9990234375,166.8984375,0.05,0.1,False,40.0
128,2146689,1.0,154.8837890625,0.05,0.1,True,40.0
166,4657463,1.0,177.6640625,0.05,0.05,True,40.0
214,9938375,1.0,283.5380859375,0.05,0.05,True,40.0
277,21484952,1.0,438.55078125,0.05,0.01,True,40.0
358,46268279,1.0,706.3671875,0.05,0.01,True,40.0
463,99897344,1.0,1354.697265625,0.05,0.0005,False,40.0
598,214921799,1.0,2858.4052734375,0.05,0.0,False,40.0
773,463684824,1.0,7572.9951171875,0.05,0.0,False,40.0
999,1000000000,0.9970703125,27560.5458984375,0.05,0.0,False,40.0
