{
    "id": "noise",
    "savedir": "",
    "useCuda": true,
    "saveResonator": false,
    "arch": "densebipolarbatched",
    "decoding": "sequential",
    "activation": "topaPT",
    "permutation": true,
    "topa": 7,
    "hermes_convergenceDetectionThreshold": 0.6,
    "hermes_activationThreshold": 0.1495,
    "activationThreshold": 0.136,
    "noisyAttn": true,
    "noisyAttnType": "pcm",
    "time_for_hermes_iter": 256,
    "rd_noise_mu": -0.00253,
    "rd_noise_std": [
        0,
        0.68040257,
        1.36339221,
        2.04379478,
        2.72678443,
        3.40718699,
        4.09017664,
        4.77057921,
        5.45356886,
        6.13397142,
        6.81437399,
        7.49736364,
        8.1777662,
        8.86075585,
        9.54115842,
        10.22414806,
        10.90455063,
        11.58754028,
        12.26794284
    ],
    "neu_std_rel": 0.0907,
    "neu_mean": 0.042881,
    "G0_mu": 25.87082,
    "G0_noise_std_rel": 0.2327,
    "G0_noise_mu": 0.89666,
    "G0_mu_spatial": 22.696983,
    "noisyAttnStd": null,
    "iter": {
        "max": 21845,
        "fac": 0.001
    },
    "ntrial": 5000,
    "batchsize": 100,
    "d": 256,
    "num_factors": 3,
    "M": {
        "fixed": 256,
        "log_start": 4,
        "log_stop": 8,
        "nDecade": 1
    },
    "save_sim": false,
    "symmetricIM": false,
    "simcomp": "op",
    "runResonator": true,
    "seed": 40,
    "running": true
}
